VendorName|RetailerName|RetailerVendorId|VendorStoreNumber|RetailerStoreNumber|ProcessDateEFT|InvoiceDate|InvoiceDueDate|InvoiceNumber|InvoiceAmount|InvoiceItemCount|PONumber|PODate|ReferenceInvoiceNumber|ProductNumber|Quantity|UnitCost|UnitOfMeasure|PacksPerCase|PackUPC|CaseUPC|ProductDescription|DiscountAdjustment|DepositAdjustment|MiscellaneousAdjustment|TaxAdjustment|DeliveryAdjustment|ExtendedPrice|Manufacturer|UnitSize|UnitsPerCase|Dept|GLCode
Republic National Dist - OK|Choctaw Casino - McAlester|413431-NOKLAHOM|670241|4216|08/27/2025|08/27/2025|08/27/2025|3091764|232.7|7||||00114339|2.0|31.5|CS|6|085200618743|085200000067|Sutter Home Chardonnay 6/4 187 ml Bottle|0.0|0.0|0.0|0.0|0.0|63.0|Trinchero Family Estates|187 ml|24||5100215
Republic National Dist - OK|Choctaw Casino - McAlester|413431-NOKLAHOM|670241|4216|08/27/2025|08/27/2025|08/27/2025|3091764|232.7|7||||00380984|1.0|24.87|EA|0|811538011433||JC TRADICIONAL BLANCO TEQ|0.0|0.0|0.0|0.0|0.0|24.87|||0||5100200
Republic National Dist - OK|Choctaw Casino - McAlester|413431-NOKLAHOM|670241|4216|08/27/2025|08/27/2025|08/27/2025|3091764|232.7|7||||00630303|3.0|18.48|EA|1|089540448978|089540448978|Malibu Coconut Rum 1/12 1 ltr Bottle 42PF|0.0|0.0|0.0|0.0|0.0|55.44|Pernod Ricard|1 l|12||5100200
Republic National Dist - OK|Choctaw Casino - McAlester|413431-NOKLAHOM|670241|4216|08/27/2025|08/27/2025|08/27/2025|3091764|232.7|7||||00048749|3.0|7.47|EA|1|089105024104|08910502410|Conciere Vodka 1/12 1 ltr Bottle 80PF|0.0|0.0|0.0|0.0|0.0|22.41|American Distilling Co|1 l|12||5100200
Republic National Dist - OK|Choctaw Casino - McAlester|413431-NOKLAHOM|670241|4216|08/27/2025|08/27/2025|08/27/2025|3091764|232.7|7||||00311453|1.0|34.98|EA|1|080432500118|080432500118|Jameson Irish Whiskey 1/12 1 ltr Bottle 80PF|0.0|0.0|0.0|0.0|0.0|34.98|Pernod Ricard|1 l|12||5100200
Republic National Dist - OK|Choctaw Casino - McAlester|413431-NOKLAHOM|670241|4216|08/27/2025|08/27/2025|08/27/2025|3091764|232.7|7||||00048728|1.0|7.67|EA|0|089105124101||CONCIERE GIN|0.0|0.0|0.0|0.0|0.0|7.67|||0||5100200
Republic National Dist - OK|Choctaw Casino - McAlester|413431-NOKLAHOM|670241|4216|08/27/2025|08/27/2025|08/27/2025|3091764|232.7|7||||00004213|1.0|24.33|EA|1|835229000407|835229000407|Absolut Vodka 1/6 1 ltr Bottle 80PF|0.0|0.0|0.0|0.0|0.0|24.33|Pernod Ricard|1 l|6||5100200
Republic National Dist - OK|Choctaw Casino - McAlester|413431-NOKLAHOM|670241|4216|08/27/2025|08/27/2025|08/27/2025|3091765|46.44|1||||00941057|1.0|46.44|CS|1|070491801950|070491801950|Finest Call Sweet and Sour 1/12 33.8 oz Bottle|0.0|0.0|0.0|0.0|0.0|46.44|American Beverage Marketers|33.8 oz|12||5100200
Republic National Dist - OK|Resort Food and Beverage Choctaw Casinos|413431-NOKLAHOM|697857|4211|08/27/2025|08/27/2025|08/27/2025|3091781|6591.86|32||||00999837|1.0|70.48|EA|1|812066021598|812066021598|The Macallan 12yr Sherry Oak Double Cask Single Malt Highland Scotch Whisky 1/12 750 ml Bottle 86PF|0.0|0.0|0.0|0.0|0.0|70.48|Edrington|750 ml|12||5100200
Republic National Dist - OK|Resort Food and Beverage Choctaw Casinos|413431-NOKLAHOM|697857|4211|08/27/2025|08/27/2025|08/27/2025|3091781|6591.86|32||||00066393|1.0|224.37|CS|1|083664868780|083664868780|Hendricks Gin 1/6 1 ltr Bottle 88PF|0.0|0.0|0.0|0.0|0.0|224.37|William Grant and Sons|1 l|6||5100200
Republic National Dist - OK|Resort Food and Beverage Choctaw Casinos|413431-NOKLAHOM|697857|4211|08/27/2025|08/27/2025|08/27/2025|3091781|6591.86|32||||00357557|1.0|206.95|CS|1|852832000150|852832000150|Mumm Napa Brut Prestige 1/12 750 ml Bottle|0.0|0.0|0.0|0.0|0.0|206.95|Pernod Ricard|750 ml|12||5100215
Republic National Dist - OK|Resort Food and Beverage Choctaw Casinos|413431-NOKLAHOM|697857|4211|08/27/2025|08/27/2025|08/27/2025|3091781|6591.86|32||||00124790|1.0|191.9|CS|1|850008153075|850008153075|Naranja Orange Liqueur 1/12 750 ml Bottle 80PF|0.0|0.0|0.0|0.0|0.0|191.9|DV Spirits|750 ml|12||5100200
Republic National Dist - OK|Resort Food and Beverage Choctaw Casinos|413431-NOKLAHOM|697857|4211|08/27/2025|08/27/2025|08/27/2025|3091781|6591.86|32||||00066203|1.0|51.89|EA|1|083664107339|083664107339|Glenfiddich 12yr Scotch Whisky 1/12 1 ltr Bottle 86PF|0.0|0.0|0.0|0.0|0.0|51.89|William Grant and Sons|1 l|12||5100200
Republic National Dist - OK|Resort Food and Beverage Choctaw Casinos|413431-NOKLAHOM|697857|4211|08/27/2025|08/27/2025|08/27/2025|3091781|6591.86|32||||00630303|4.0|201.55|CS|1|089540448978|089540448978|Malibu Coconut Rum 1/12 1 ltr Bottle 42PF|0.0|0.0|0.0|0.0|0.0|806.2|Pernod Ricard|1 l|12||5100200
Republic National Dist - OK|Resort Food and Beverage Choctaw Casinos|413431-NOKLAHOM|697857|4211|08/27/2025|08/27/2025|08/27/2025|3091781|6591.86|32||||00114360|1.0|31.5|CS|6|085200718740|085200718740|Sutter Home Winery Sauvignon Blanc 6/4 187 ml Bottle|0.0|0.0|0.0|0.0|0.0|31.5|Trinchero Family Estates|187 ml|24||5100215
Republic National Dist - OK|Resort Food and Beverage Choctaw Casinos|413431-NOKLAHOM|697857|4211|08/27/2025|08/27/2025|08/27/2025|3091781|6591.86|32||||00048749|3.0|69.48|CS|1|089105024104|08910502410|Conciere Vodka 1/12 1 ltr Bottle 80PF|0.0|0.0|0.0|0.0|0.0|208.44|American Distilling Co|1 l|12||5100200
Republic National Dist - OK|Resort Food and Beverage Choctaw Casinos|413431-NOKLAHOM|697857|4211|08/27/2025|08/27/2025|08/27/2025|3091781|6591.86|32||||00009987|2.0|220.75|CS|1|005003701423|05003701423|Disaronno Amaretto 1/6 1 ltr Bottle 56PF|0.0|0.0|0.0|0.0|0.0|441.5|Illva Saronno|1 l|6||5100200
Republic National Dist - OK|Resort Food and Beverage Choctaw Casinos|413431-NOKLAHOM|697857|4211|08/27/2025|08/27/2025|08/27/2025|3091781|6591.86|32||||00630531|1.0|119.94|CS|1|089540449326|089540449326|Malibu Coconut Rum 1/6 1.75 ltr Bottle 48PF|0.0|0.0|0.0|0.0|0.0|119.94|Pernod Ricard|1.75 l|6||5100200
Republic National Dist - OK|Resort Food and Beverage Choctaw Casinos|413431-NOKLAHOM|697857|4211|08/27/2025|08/27/2025|08/27/2025|3091781|6591.86|32||||00311453|2.0|399.54|CS|1|080432500118|080432500118|Jameson Irish Whiskey 1/12 1 ltr Bottle 80PF|0.0|0.0|0.0|0.0|0.0|799.08|Pernod Ricard|1 l|12||5100200
Republic National Dist - OK|Resort Food and Beverage Choctaw Casinos|413431-NOKLAHOM|697857|4211|08/27/2025|08/27/2025|08/27/2025|3091781|6591.86|32||||03361001|2.0|176.6|CS|1|089540122700|089540122700|Kahlua 1/12 1 ltr Bottle 40PF|0.0|0.0|0.0|0.0|0.0|353.2|Pernod Ricard|1 l|12||5100200
Republic National Dist - OK|Resort Food and Beverage Choctaw Casinos|413431-NOKLAHOM|697857|4211|08/27/2025|08/27/2025|08/27/2025|3091781|6591.86|32||||00199648|3.0|19.28|EA|1|004006340040|004006340040|Four Roses Authentic Kentucky Straight Bourbon Whiskey 1/12 750 ml Bottle 80PF|0.0|0.0|0.0|0.0|0.0|57.84|Four Roses Distillery|750 ml|12||5100200
Republic National Dist - OK|Resort Food and Beverage Choctaw Casinos|413431-NOKLAHOM|697857|4211|08/27/2025|08/27/2025|08/27/2025|3091781|6591.86|32||||00384133|2.0|198.0|CS|1|017224760122|017224760122|Conundrum Red 25th Anniversary 1/12 750 ml Bottle|0.0|0.0|0.0|0.0|0.0|396.0|Conundrum Wines|750 ml|12||5100215
Republic National Dist - OK|Resort Food and Beverage Choctaw Casinos|413431-NOKLAHOM|697857|4211|08/27/2025|08/27/2025|08/27/2025|3091781|6591.86|32||||00199649|1.0|25.68|EA|1|040063400317|0004006340031|Four Roses Small Batch Kentucky Straight Bourbon Whiskey 1/6 750 ml Bottle 110PF|0.0|0.0|0.0|0.0|0.0|25.68|Four Roses Distillery|750 ml|6||5100200
Republic National Dist - OK|Resort Food and Beverage Choctaw Casinos|413431-NOKLAHOM|697857|4211|08/27/2025|08/27/2025|08/27/2025|3091781|6591.86|32||||00354390|2.0|46.32|CS|0|085200028900||CALIFORNIA ROOTS ROSE SCRW CP|0.0|0.0|0.0|0.0|0.0|92.64|||0||5100215
Republic National Dist - OK|Resort Food and Beverage Choctaw Casinos|413431-NOKLAHOM|697857|4211|08/27/2025|08/27/2025|08/27/2025|3091781|6591.86|32||||00114823|4.0|31.5|CS|6|085200118755|085200118755|Sutter Home Pinot Grigio 6/4 187 ml Bottle|0.0|0.0|0.0|0.0|0.0|126.0|Trinchero Family Estates|187 ml|24||5100215
Republic National Dist - OK|Resort Food and Beverage Choctaw Casinos|413431-NOKLAHOM|697857|4211|08/27/2025|08/27/2025|08/27/2025|3091781|6591.86|32||||03210501|2.0|16.59|EA|1|017224710202|17224710202|Bonanza Cabernet Sauvignon 1/12 750 ml Bottle|0.0|0.0|0.0|0.0|0.0|33.18|Bonanza|750 ml|12||5100215
Republic National Dist - OK|Resort Food and Beverage Choctaw Casinos|413431-NOKLAHOM|697857|4211|08/27/2025|08/27/2025|08/27/2025|3091781|6591.86|32||||00114301|8.0|31.5|CS|0|085200518744||SUTTER HOME CAB 6X4 PET|0.0|0.0|0.0|0.0|0.0|252.0|||0||5100215
Republic National Dist - OK|Resort Food and Beverage Choctaw Casinos|413431-NOKLAHOM|697857|4211|08/27/2025|08/27/2025|08/27/2025|3091781|6591.86|32||||00112648|1.0|158.18|CS|1|860265002443|860265002443|Skrewball Peanut Butter Whiskey 1/6 1 ltr Bottle 70PF|0.0|0.0|0.0|0.0|0.0|158.18|Skrewball Whiskey|1 l|6||5100210
Republic National Dist - OK|Resort Food and Beverage Choctaw Casinos|413431-NOKLAHOM|697857|4211|08/27/2025|08/27/2025|08/27/2025|3091781|6591.86|32||||00066871|3.0|89.88|CS|0|089105224122||CONCIERE SILVER TEQUILA|0.0|0.0|0.0|0.0|0.0|269.64|||0||5100200
Republic National Dist - OK|Resort Food and Beverage Choctaw Casinos|413431-NOKLAHOM|697857|4211|08/27/2025|08/27/2025|08/27/2025|3091781|6591.86|32||||00410812|1.0|259.2|CS|1|856065002424|856065002424|Deep Eddy Lemon Vodka 1/12 1 ltr Bottle 70PF|0.0|0.0|0.0|0.0|0.0|259.2|Heaven Hill Brands|1 l|12||5100200
Republic National Dist - OK|Resort Food and Beverage Choctaw Casinos|413431-NOKLAHOM|697857|4211|08/27/2025|08/27/2025|08/27/2025|3091781|6591.86|32||||00114339|10.0|31.5|CS|6|085200618743|085200000067|Sutter Home Chardonnay 6/4 187 ml Bottle|0.0|0.0|0.0|0.0|0.0|315.0|Trinchero Family Estates|187 ml|24||5100215
Republic National Dist - OK|Resort Food and Beverage Choctaw Casinos|413431-NOKLAHOM|697857|4211|08/27/2025|08/27/2025|08/27/2025|3091781|6591.86|32||||00115282|2.0|31.5|CS|6|085200918751|085200100163|Sutter Home Moscato 6/4 187 ml Bottle|0.0|0.0|0.0|0.0|0.0|63.0|Trinchero Family Estates|187 ml|24||5100215
Republic National Dist - OK|Resort Food and Beverage Choctaw Casinos|413431-NOKLAHOM|697857|4211|08/27/2025|08/27/2025|08/27/2025|3091781|6591.86|32||||00199775|1.0|36.08|EA|1|040063400027|040063400027|Four Roses Bourbon Single Barrel 1/6 750 ml Bottle 100PF|0.0|0.0|0.0|0.0|0.0|36.08|Four Roses Distillery|750 ml|6||5100200
Republic National Dist - OK|Resort Food and Beverage Choctaw Casinos|413431-NOKLAHOM|697857|4211|08/27/2025|08/27/2025|08/27/2025|3091781|6591.86|32||||00270303|1.0|287.9|CS|1|811751020489|811751020489|Stolichnaya Vanilla 1/12 1 ltr Bottle 76PF|0.0|0.0|0.0|0.0|0.0|287.9|SPI Group|1 l|12||5100200
Republic National Dist - OK|Resort Food and Beverage Choctaw Casinos|413431-NOKLAHOM|697857|4211|08/27/2025|08/27/2025|08/27/2025|3091781|6591.86|32||||00012313|1.0|31.27|EA|1|001153801014|1153801014|1800 Tequila Silver 1/6 1 ltr Bottle 80PF|0.0|0.0|0.0|0.0|0.0|31.27|Proximo Spirits|1 l|6||5100200
Republic National Dist - OK|Resort Food and Beverage Choctaw Casinos|413431-NOKLAHOM|697857|4211|08/27/2025|08/27/2025|08/27/2025|3091781|6591.86|32||||00833544|1.0|32.88|EA|1|618397200929|618397200929|Del Maguey Vida Mezcal 1/6 750 ml Bottle 84PF|0.0|0.0|0.0|0.0|0.0|32.88|Del Maguey Single Village Mezcal|750 ml|6||5100200
Republic National Dist - OK|Resort Food and Beverage Choctaw Casinos|413431-NOKLAHOM|697857|4211|08/27/2025|08/27/2025|08/27/2025|3091781|6591.86|32||||00410813|3.0|18.48|EA|1|856065002417|856065002417|Deep Eddy Lemon Vodka 1/12 750 ml Bottle 70PF|0.0|0.0|0.0|0.0|0.0|55.44|Heaven Hill Brands|750 ml|12||5100200
Republic National Dist - OK|Resort Food and Beverage Choctaw Casinos|413431-NOKLAHOM|697857|4211|08/27/2025|08/27/2025|08/27/2025|3091781|6591.86|32||||00114398|5.0|31.5|CS|6|085200918744|085200918744|Sutter Home White Zinfandel 6/4 187 ml Bottle|0.0|0.0|0.0|0.0|0.0|157.5|Trinchero Family Estates|187 ml|24||5100215
Republic National Dist - OK|Resort Food and Beverage Choctaw Casinos|413431-NOKLAHOM|697857|4211|08/27/2025|08/27/2025|08/27/2025|3091781|6591.86|32||||00294436|1.0|191.94|CS|1|087236565008|087236565008|Cointreau 1/6 1 ltr Bottle 80PF|0.0|0.0|0.0|0.0|0.0|191.94|Remy Cointreau USA|1 l|6||5100200
Republic National Dist - OK|Resort Food and Beverage Choctaw Casinos|413431-NOKLAHOM|697857|4211|08/27/2025|08/27/2025|08/27/2025|3091781|6591.86|32||||00294822|3.0|81.68|EA|1|812066020553|812066020553|The Macallan Scotch 12yr 1/12 750 ml Bottle 86PF|0.0|0.0|0.0|0.0|0.0|245.04|Edrington|750 ml|12||5100200
Republic National Dist - OK|Resort Food and Beverage Choctaw Casinos|413431-NOKLAHOM|697857|4211|08/27/2025|08/27/2025|08/27/2025|3091782|2659.34|8||||00941057|27.0|39.24|CS|1|070491801950|070491801950|Finest Call Sweet and Sour 1/12 33.8 oz Bottle|0.0|0.0|0.0|0.0|0.0|1059.48|American Beverage Marketers|33.8 oz|12||5100200
Republic National Dist - OK|Resort Food and Beverage Choctaw Casinos|413431-NOKLAHOM|697857|4211|08/27/2025|08/27/2025|08/27/2025|3091782|2659.34|8||||00941073|7.0|39.24|CS|1|070491802957|070491802957|Finest Call Margarita 1/12 33.8 oz Bottle|0.0|0.0|0.0|0.0|0.0|274.68|American Beverage Marketers|33.8 oz|12||5100200
Republic National Dist - OK|Resort Food and Beverage Choctaw Casinos|413431-NOKLAHOM|697857|4211|08/27/2025|08/27/2025|08/27/2025|3091782|2659.34|8||||00372046|1.0|38.0|CS|0|742377977430||ANTHEM UNPLUGGED GOLD PILS NA 4X6 CN|0.0|0.0|0.0|0.0|0.0|38.0|||0||5100210
Republic National Dist - OK|Resort Food and Beverage Choctaw Casinos|413431-NOKLAHOM|697857|4211|08/27/2025|08/27/2025|08/27/2025|3091782|2659.34|8||||00941103|3.0|43.92|CS|1|070491021754|070491021754|Finest Call Bar Syrup 1/12 33.8 oz Bottle|0.0|0.0|0.0|0.0|0.0|131.76|American Beverage Marketers|33.8 oz|12||5310106
Republic National Dist - OK|Resort Food and Beverage Choctaw Casinos|413431-NOKLAHOM|697857|4211|08/27/2025|08/27/2025|08/27/2025|3091782|2659.34|8||||00942132|1.0|28.5|CS|1|070491106093|070491106093|Real Syrup Mango Infused 1/6 16.9 oz Bottle|0.0|0.0|0.0|0.0|0.0|28.5|Real|16.9 oz|6||5310106
Republic National Dist - OK|Resort Food and Beverage Choctaw Casinos|413431-NOKLAHOM|697857|4211|08/27/2025|08/27/2025|08/27/2025|3091782|2659.34|8||||00941428|1.0|39.24|CS|1|070491100091|070491100091|Real Syrup Coco Cream of Coconut 1/12 16.9 oz Bottle|0.0|0.0|0.0|0.0|0.0|39.24|Real|16.9 oz|12||5100200
Republic National Dist - OK|Resort Food and Beverage Choctaw Casinos|413431-NOKLAHOM|697857|4211|08/27/2025|08/27/2025|08/27/2025|3091782|2659.34|8||||00941043|4.0|43.92|CS|1|070491803954|070491803954|Finest Call Strawberry Puree 1/12 33.8 oz Can|0.0|0.0|0.0|0.0|0.0|175.68|American Beverage Marketers|33.8 oz|12||5100200
Republic National Dist - OK|Resort Food and Beverage Choctaw Casinos|413431-NOKLAHOM|697857|4211|08/27/2025|08/27/2025|08/27/2025|3091782|2659.34|8||||00363892|20.0|45.6|CS|0|070491580008||FINEST CALL SNGL PRS PINEAPPLE|0.0|0.0|0.0|0.0|0.0|912.0|||0||5310106
Republic National Dist - OK|Resort Food and Beverage Choctaw Casinos|413431-NOKLAHOM|697857|4211|08/27/2025|08/27/2025|08/27/2025|3091783|5409.76|25|1832wine|||00379980|3.0|43.68|EA|1|892159000570|830949000140|Robert Hall Cabernet Sauvignon 1/12 750 ml Bottle|0.0|0.0|0.0|0.0|0.0|131.04|Robert Hall Winery|750 ml|12||5100215
Republic National Dist - OK|Resort Food and Beverage Choctaw Casinos|413431-NOKLAHOM|697857|4211|08/27/2025|08/27/2025|08/27/2025|3091783|5409.76|25|1832wine|||00212883|3.0|49.68|EA|1|084692617593|084692617593|Resonance Vineyard Pinot Noir 1/6 750 ml Bottle|0.0|0.0|0.0|0.0|0.0|149.04|Kobrand|750 ml|6||5100215
Republic National Dist - OK|Resort Food and Beverage Choctaw Casinos|413431-NOKLAHOM|697857|4211|08/27/2025|08/27/2025|08/27/2025|3091783|5409.76|25|1832wine|||00351988|2.0|47.18|EA|0|669576019344||DUCKHORN NAPA CAB +14|0.0|0.0|0.0|0.0|0.0|94.36|||0||5100215
Republic National Dist - OK|Resort Food and Beverage Choctaw Casinos|413431-NOKLAHOM|697857|4211|08/27/2025|08/27/2025|08/27/2025|3091783|5409.76|25|1832wine|||00346475|1.0|84.0|CS|1|080516166445|00080516166445|Banfi Rosa Regale 1/12 750 ml Bottle|0.0|0.0|0.0|0.0|0.0|84.0|Banfi Vintners|750 ml|12||5100215
Republic National Dist - OK|Resort Food and Beverage Choctaw Casinos|413431-NOKLAHOM|697857|4211|08/27/2025|08/27/2025|08/27/2025|3091783|5409.76|25|1832wine|||03412803|1.0|252.0|CS|0|085385000050||MARKHAM ALTRUIST RED BLEND|0.0|0.0|0.0|0.0|0.0|252.0|||0||5100215
Republic National Dist - OK|Resort Food and Beverage Choctaw Casinos|413431-NOKLAHOM|697857|4211|08/27/2025|08/27/2025|08/27/2025|3091783|5409.76|25|1832wine|||00020313|2.0|93.0|CS|1|722455000021|722455000021|Pierre Sparr Cremant D Alsace Brut Reserve 1/6 750 ml Bottle|0.0|0.0|0.0|0.0|0.0|186.0|Pierre Sparr|750 ml|6||5100215
Republic National Dist - OK|Resort Food and Beverage Choctaw Casinos|413431-NOKLAHOM|697857|4211|08/27/2025|08/27/2025|08/27/2025|3091783|5409.76|25|1832wine|||00375732|2.0|33.98|EA|1|008981904585|008981904585|Stags Leap Petite Syrah 1/12 750 ml Bottle|0.0|0.0|0.0|0.0|0.0|67.96|Stags Leap Wine Cellars|750 ml|12||5100215
Republic National Dist - OK|Resort Food and Beverage Choctaw Casinos|413431-NOKLAHOM|697857|4211|08/27/2025|08/27/2025|08/27/2025|3091783|5409.76|25|1832wine|||00347508|1.0|216.0|CS|0|80873964000166||CH MONGRAVEY MARGAUX AQ 6PK +14|0.0|0.0|0.0|0.0|0.0|216.0|||0||5100215
Republic National Dist - OK|Resort Food and Beverage Choctaw Casinos|413431-NOKLAHOM|697857|4211|08/27/2025|08/27/2025|08/27/2025|3091783|5409.76|25|1832wine|||00377853|2.0|450.0|CS|1|855622000118|00855622000118|Belle Glos Pinot Noir Clark and Telephone Vineyard 1/12 750 ml Bottle|0.0|0.0|0.0|0.0|0.0|900.0|Belle Glos Winery|750 ml|12||5100215
Republic National Dist - OK|Resort Food and Beverage Choctaw Casinos|413431-NOKLAHOM|697857|4211|08/27/2025|08/27/2025|08/27/2025|3091783|5409.76|25|1832wine|||00307644|1.0|68.68|EA|1|9336975000013|9336975000013|Mollydooker Carnival Of Love Shiraz 1/12 750 ml Bottle|0.0|0.0|0.0|0.0|0.0|68.68|Mollydooker Wines|750 ml|12||5100215
Republic National Dist - OK|Resort Food and Beverage Choctaw Casinos|413431-NOKLAHOM|697857|4211|08/27/2025|08/27/2025|08/27/2025|3091783|5409.76|25|1832wine|||00856755|1.0|101.48|CS|0|10876153002263||CASTELLO DEL POGGIO MOSC IGT +14|0.0|0.0|0.0|0.0|0.0|101.48|||0||5100215
Republic National Dist - OK|Resort Food and Beverage Choctaw Casinos|413431-NOKLAHOM|697857|4211|08/27/2025|08/27/2025|08/27/2025|3091783|5409.76|25|1832wine|||00316181|2.0|312.0|CS|1|720815210134|720815210134|Domaine Laroche Chablis Saint Martin 1/12 750 ml Bottle|0.0|0.0|0.0|0.0|0.0|624.0|Domaine Laroche|750 ml|12||5100215
Republic National Dist - OK|Resort Food and Beverage Choctaw Casinos|413431-NOKLAHOM|697857|4211|08/27/2025|08/27/2025|08/27/2025|3091783|5409.76|25|1832wine|||00300290|1.0|80.43|EA|0|086891073231||LA JOTA HOWELL MTN CAB FRANC 6PK +14|0.0|0.0|0.0|0.0|0.0|80.43|||0||5100215
Republic National Dist - OK|Resort Food and Beverage Choctaw Casinos|413431-NOKLAHOM|697857|4211|08/27/2025|08/27/2025|08/27/2025|3091783|5409.76|25|1832wine|||03295508|1.0|588.0|CS|0|657891715591||AUSTIN HOPE PASO ROB CAB +14|0.0|0.0|0.0|0.0|0.0|588.0|||0||5100215
Republic National Dist - OK|Resort Food and Beverage Choctaw Casinos|413431-NOKLAHOM|697857|4211|08/27/2025|08/27/2025|08/27/2025|3091783|5409.76|25|1832wine|||00018916|2.0|19.68|EA|0|722358012596||CH LA NERTHE LES CASS CDR KBF|0.0|0.0|0.0|0.0|0.0|39.36|||0||5100215
Republic National Dist - OK|Resort Food and Beverage Choctaw Casinos|413431-NOKLAHOM|697857|4211|08/27/2025|08/27/2025|08/27/2025|3091783|5409.76|25|1832wine|||03230652|1.0|443.45|CS|0|10085385000026||MARKHAM CAB +14|0.0|0.0|0.0|0.0|0.0|443.45|||0||5100215
Republic National Dist - OK|Resort Food and Beverage Choctaw Casinos|413431-NOKLAHOM|697857|4211|08/27/2025|08/27/2025|08/27/2025|3091783|5409.76|25|1832wine|||03365504|1.0|161.88|CS|1|669576030042|669576030042|Greenwing Cabernet Sauvignon Columbia Valley 1/12 750 ml Bottle|0.0|0.0|0.0|0.0|0.0|161.88|Duckhorns Vineyards|750 ml|12||5100215
Republic National Dist - OK|Resort Food and Beverage Choctaw Casinos|413431-NOKLAHOM|697857|4211|08/27/2025|08/27/2025|08/27/2025|3091783|5409.76|25|1832wine|||00276053|2.0|156.0|CS|1|716898950319|71689895031|Desiderio Jeio Bisol Prosecco Di Valdobbiadene Brut 1/12 750 ml Bottle|0.0|0.0|0.0|0.0|0.0|312.0|Bisol|750 ml|12||5100215
Republic National Dist - OK|Resort Food and Beverage Choctaw Casinos|413431-NOKLAHOM|697857|4211|08/27/2025|08/27/2025|08/27/2025|3091783|5409.76|25|1832wine|||00377841|3.0|35.43|EA|1|084692478941|084692478941|Cakebread Chardonnay 1/12 750 ml Bottle|0.0|0.0|0.0|0.0|0.0|106.29|Kobrand|750 ml|12||5100215
Republic National Dist - OK|Resort Food and Beverage Choctaw Casinos|413431-NOKLAHOM|697857|4211|08/27/2025|08/27/2025|08/27/2025|3091783|5409.76|25|1832wine|||00376261|1.0|184.68|CS|1|769611454441|769611454441|Sonoma Cutrer Chardonnay Sonoma Coast 1/12 750 ml Bottle|0.0|0.0|0.0|0.0|0.0|184.68|Sonoma Cutrer Vineyards|750 ml|12||5100215
Republic National Dist - OK|Resort Food and Beverage Choctaw Casinos|413431-NOKLAHOM|697857|4211|08/27/2025|08/27/2025|08/27/2025|3091783|5409.76|25|1832wine|||00292600|1.0|30.52|EA|0|717888997123||COLOME AUTENTICO MALBEC +14|0.0|0.0|0.0|0.0|0.0|30.52|||0||5100215
Republic National Dist - OK|Resort Food and Beverage Choctaw Casinos|413431-NOKLAHOM|697857|4211|08/27/2025|08/27/2025|08/27/2025|3091783|5409.76|25|1832wine|||00350088|1.0|66.68|EA|1|859889006111|859889006111|Quilt Cabernet Sauvignon Napa Valley Reserve 1/6 750 ml Bottle|0.0|0.0|0.0|0.0|0.0|66.68|Copper Cane Wines and Provisions|750 ml|6||5100215
Republic National Dist - OK|Resort Food and Beverage Choctaw Casinos|413431-NOKLAHOM|697857|4211|08/27/2025|08/27/2025|08/27/2025|3091783|5409.76|25|1832wine|||00419384|1.0|197.91|CS|0|098709099036||CATENA SAN CARLOS CAB FRANC|0.0|0.0|0.0|0.0|0.0|197.91|||0||5100215
Republic National Dist - OK|Resort Food and Beverage Choctaw Casinos|413431-NOKLAHOM|697857|4211|08/27/2025|08/27/2025|08/27/2025|3091783|5409.76|25|1832wine|||00377039|1.0|240.0|CS|1|899166002009|899166002009|Roco Gravel Road Pinot Noir 1/12 750 ml Bottle|0.0|0.0|0.0|0.0|0.0|240.0|Roco|750 ml|12||5100215
Republic National Dist - OK|Resort Food and Beverage Choctaw Casinos|413431-NOKLAHOM|697857|4211|08/27/2025|08/27/2025|08/27/2025|3091783|5409.76|25|1832wine|||00319105|1.0|84.0|CS|0|080516749341||BANFI ROSA REGALE SPRK ROSE 6PK|0.0|0.0|0.0|0.0|0.0|84.0|||0||5100215
Beavers Bend Brewery|Choctaw Landing Hochatown||Choctaw Landing Hochatown|4212|08/27/2025|08/25/2025|08/26/2025|457|700.0|2||||1237582302|2.0|175.0|EA||||1/2 Keg Wholesale - Strawberry|0.0|0.0|0.0|0.0|0.0|350.0|||0||5100210
Beavers Bend Brewery|Choctaw Landing Hochatown||Choctaw Landing Hochatown|4212|08/27/2025|08/25/2025|08/26/2025|457|700.0|2||||3867878623|2.0|175.0|EA||||1/2 keg wholesale Backwoods Blonde|0.0|0.0|0.0|0.0|0.0|350.0|||0||5100210
Southern Glazer's Wine & Spirits of OK, LLLP|Resort Food and Beverage Choctaw Casinos|437801-NTULSA1|1000183475|4211|08/27/2025|08/26/2025|08/26/2025|6108734052|-359.88|1|9128473242||9128473242|352429|-1.0|359.88|CS|1|087000005549|087000005549|Bulleit Bourbon 1/12 1 ltr Bottle 90PF|0.0|0.0|0.0|0.0|0.0|-359.88|Diageo North America (Spirits)|1 l|12||5100200
Ed F. Davis, Inc.|Choctaw Landing Hochatown|18839-NDURANT3|646|4212|08/27/2025|08/26/2025|08/27/2025|876389|2208.1|8||||193940|2.0|145.0|KEG|1|111111111117|111111111117|MOD 1/2 BBL|0.0|140.0|0.0|0.0|0.0|290.0|||0||5100210
Ed F. Davis, Inc.|Choctaw Landing Hochatown|18839-NDURANT3|646|4212|08/27/2025|08/26/2025|08/27/2025|876389|2208.1|8||||154620|10.0|26.45|CS|1|0018200281402|0018200281402|Bud Light 1/20 16 oz Bottle|0.0|0.0|0.0|0.0|0.0|264.5|Anheuser-Busch InBev|16 oz|20||5100210
Ed F. Davis, Inc.|Choctaw Landing Hochatown|18839-NDURANT3|646|4212|08/27/2025|08/26/2025|08/27/2025|876389|2208.1|8||||112620|6.0|26.45|CS|1|0018200281372|0018200281372|Budweiser 1/20 16 oz Bottle|0.0|0.0|0.0|0.0|0.0|158.7|Anheuser-Busch InBev|16 oz|20||5100210
Ed F. Davis, Inc.|Choctaw Landing Hochatown|18839-NDURANT3|646|4212|08/27/2025|08/26/2025|08/27/2025|876389|2208.1|8||||199013|6.0|30.15|CS|2|080660956152|080660956190|Corona Extra 2/12 12 oz Bottle|0.0|0.0|0.0|0.0|0.0|180.9|Constellation Brands|12 oz|24||5100210
Ed F. Davis, Inc.|Choctaw Landing Hochatown|18839-NDURANT3|646|4212|08/27/2025|08/26/2025|08/27/2025|876389|2208.1|8||||197940|2.0|135.0|KEG|1|018200003479|018200003479|Michelob Ultra 1/2 BBL 1/1 15.5 gal Keg|0.0|140.0|0.0|0.0|0.0|270.0|Anheuser-Busch InBev|15.5 gal|1||5100210
Ed F. Davis, Inc.|Choctaw Landing Hochatown|18839-NDURANT3|646|4212|08/27/2025|08/26/2025|08/27/2025|876389|2208.1|8||||980|-1.0|70.0|KEG|1|111111111117|111111111117|EMPTY 1/2 BBL CORONA|0.0|0.0|0.0|0.0|0.0|-70.0|||0||5310106
Ed F. Davis, Inc.|Choctaw Landing Hochatown|18839-NDURANT3|646|4212|08/27/2025|08/26/2025|08/27/2025|876389|2208.1|8||||197648|29.0|36.0|CS|2|018200200595|018200283925|Michelob Ultra 2/12 16 oz Bottle|0.0|0.0|0.0|0.0|0.0|1044.0|Anheuser-Busch InBev|16 oz|24||5100210
Ed F. Davis, Inc.|Choctaw Landing Hochatown|18839-NDURANT3|646|4212|08/27/2025|08/26/2025|08/27/2025|876389|2208.1|8||||1940|-3.0|70.0|KEG|1|111111111117|111111111117|EMPTY 1/2 BBL 5|0.0|0.0|0.0|0.0|0.0|-210.0|||0||5100210
Southern Glazer's Wine & Spirits of OK, LLLP|Resort Food and Beverage Choctaw Casinos|437801-NTULSA1|1000183475|4211|08/27/2025|08/22/2025|08/28/2025|9128473242|4861.19|18||||446128|1.0|302.94|CS|1|083089450102|083089450102|Casamigos Tequila Blanco 1/6 1 ltr Bottle 80PF|0.0|0.0|0.0|0.0|0.0|302.94|Diageo North America (Spirits)|1 l|6||5100200
Southern Glazer's Wine & Spirits of OK, LLLP|Resort Food and Beverage Choctaw Casinos|437801-NTULSA1|1000183475|4211|08/27/2025|08/22/2025|08/28/2025|9128473242|4861.19|18||||579847|1.0|135.0|CS|1|086036815559|086036815559|Christian Brothers Brandy Amber Square 1/12 1 ltr Bottle 80PF|0.0|0.0|0.0|0.0|0.0|135.0|Heaven Hill Brands|1 l|12||5100200
Southern Glazer's Wine & Spirits of OK, LLLP|Resort Food and Beverage Choctaw Casinos|437801-NTULSA1|1000183475|4211|08/27/2025|08/22/2025|08/28/2025|9128473242|4861.19|18||||9998|1.0|348.0|CS|1|085246139424|085246139424|Makers Mark Bourbon 1/12 1 ltr Bottle 90PF|0.0|0.0|0.0|0.0|0.0|348.0|BEAM Global|1 l|12||5100200
Southern Glazer's Wine & Spirits of OK, LLLP|Resort Food and Beverage Choctaw Casinos|437801-NTULSA1|1000183475|4211|08/27/2025|08/22/2025|08/28/2025|9128473242|4861.19|18||||443649|1.0|31.69|EA|1|082000752974|82000752974|Bulleit Whiskey Straight Rye 1/12 1 ltr Bottle -2PF|0.0|0.0|0.0|0.0|0.0|31.69|Diageo North America (Spirits)|1 l|12||5100200
Southern Glazer's Wine & Spirits of OK, LLLP|Resort Food and Beverage Choctaw Casinos|437801-NTULSA1|1000183475|4211|08/27/2025|08/22/2025|08/28/2025|9128473242|4861.19|18||||294498|1.0|192.0|EA|1|085246500101|08524650010|Makers Mark 46 1/6 750 ml Bottle 92PF|0.0|0.0|0.0|0.0|0.0|192.0|BEAM Global|750 ml|6||5100200
Southern Glazer's Wine & Spirits of OK, LLLP|Resort Food and Beverage Choctaw Casinos|437801-NTULSA1|1000183475|4211|08/27/2025|08/22/2025|08/28/2025|9128473242|4861.19|18||||46599|2.0|245.64|CS|1|061994700001|61994700001|Titos Handmade Vodka 1/12 1 ltr Bottle 80PF|0.0|0.0|0.0|0.0|0.0|491.28|Mockingbird Distillery|1 l|12||5100200
Southern Glazer's Wine & Spirits of OK, LLLP|Resort Food and Beverage Choctaw Casinos|437801-NTULSA1|1000183475|4211|08/27/2025|08/22/2025|08/28/2025|9128473242|4861.19|18||||294498|2.0|33.7|CS|1|085246500101|08524650010|Makers Mark 46 1/6 750 ml Bottle 92PF|0.0|0.0|0.0|0.0|0.0|67.4|BEAM Global|750 ml|6||5100200
Southern Glazer's Wine & Spirits of OK, LLLP|Resort Food and Beverage Choctaw Casinos|437801-NTULSA1|1000183475|4211|08/27/2025|08/22/2025|08/28/2025|9128473242|4861.19|18||||557367|1.0|172.08|CS|1|721059002387|721059002387|Aperol Aperitivo 1/6 1 ltr Bottle 22PF|0.0|0.0|0.0|0.0|0.0|172.08|Gruppo Campari|1 l|6||5100200
Southern Glazer's Wine & Spirits of OK, LLLP|Resort Food and Beverage Choctaw Casinos|437801-NTULSA1|1000183475|4211|08/27/2025|08/22/2025|08/28/2025|9128473242|4861.19|18||||639479|2.0|92.22|CS|8|083085420246|083085420246|RUFFINO PROSECCO LUMINA(SC)8/3PK 187.000 ML|0.0|0.0|0.0|0.0|0.0|184.44|||0||5100215
Southern Glazer's Wine & Spirits of OK, LLLP|Resort Food and Beverage Choctaw Casinos|437801-NTULSA1|1000183475|4211|08/27/2025|08/22/2025|08/28/2025|9128473242|4861.19|18||||84587|4.0|168.9|CS|1|619947000037|619947000037|Titos Handmade Vodka 1/6 1.75 ltr Bottle 80PF|0.0|0.0|0.0|0.0|0.0|675.6|Mockingbird Distillery|1.75 l|6||5100200
Southern Glazer's Wine & Spirits of OK, LLLP|Resort Food and Beverage Choctaw Casinos|437801-NTULSA1|1000183475|4211|08/27/2025|08/22/2025|08/28/2025|9128473242|4861.19|18||||294498|1.0|192.0|CS|1|085246500101|08524650010|Makers Mark 46 1/6 750 ml Bottle 92PF|0.0|0.0|0.0|0.0|0.0|192.0|BEAM Global|750 ml|6||5100200
Southern Glazer's Wine & Spirits of OK, LLLP|Resort Food and Beverage Choctaw Casinos|437801-NTULSA1|1000183475|4211|08/27/2025|08/22/2025|08/28/2025|9128473242|4861.19|18||||404725|2.0|44.89|EA|1|850047003003|850047003003|Angels Envy Port Barrel Finish Kentucky Bourbon Whiskey 1/6 750 ml Bottle 86PF|0.0|0.0|0.0|0.0|0.0|89.78|Louisville Distilling Company|750 ml|6||5100200
Southern Glazer's Wine & Spirits of OK, LLLP|Resort Food and Beverage Choctaw Casinos|437801-NTULSA1|1000183475|4211|08/27/2025|08/22/2025|08/28/2025|9128473242|4861.19|18||||294498|2.0|33.7|EA|1|085246500101|08524650010|Makers Mark 46 1/6 750 ml Bottle 92PF|0.0|0.0|0.0|0.0|0.0|67.4|BEAM Global|750 ml|6||5100200
Southern Glazer's Wine & Spirits of OK, LLLP|Resort Food and Beverage Choctaw Casinos|437801-NTULSA1|1000183475|4211|08/27/2025|08/22/2025|08/28/2025|9128473242|4861.19|18||||17098|2.0|144.0|CS|1|080480280017|80480280017|Grey Goose Vodka 1/6 1 ltr Bottle 80PF|0.0|0.0|0.0|0.0|0.0|288.0|Bacardi Limited|1 l|6||5100200
Southern Glazer's Wine & Spirits of OK, LLLP|Resort Food and Beverage Choctaw Casinos|437801-NTULSA1|1000183475|4211|08/27/2025|08/22/2025|08/28/2025|9128473242|4861.19|18||||352429|1.0|359.88|CS|1|087000005549|087000005549|Bulleit Bourbon 1/12 1 ltr Bottle 90PF|0.0|0.0|0.0|0.0|0.0|359.88|Diageo North America (Spirits)|1 l|12||5100200
Southern Glazer's Wine & Spirits of OK, LLLP|Resort Food and Beverage Choctaw Casinos|437801-NTULSA1|1000183475|4211|08/27/2025|08/22/2025|08/28/2025|9128473242|4861.19|18||||971837|1.0|256.44|CS|1|074545000412|074545000412|Don Julio Tequila Reposado 1/6 750 ml Bottle 80PF|0.0|0.0|0.0|0.0|0.0|256.44|Diageo North America (Spirits)|750 ml|6||5100200
Southern Glazer's Wine & Spirits of OK, LLLP|Resort Food and Beverage Choctaw Casinos|437801-NTULSA1|1000183475|4211|08/27/2025|08/22/2025|08/28/2025|9128473242|4861.19|18||||328|2.0|499.1|CS|1|721733000029|721733500024|Patron Silver 1/12 750 ml Bottle 80PF|0.0|0.0|0.0|0.0|0.0|998.2|The Patron Spirits Company|750 ml|12||5100200
Southern Glazer's Wine & Spirits of OK, LLLP|Resort Food and Beverage Choctaw Casinos|437801-NTULSA1|1000183475|4211|08/27/2025|08/22/2025|08/28/2025|9128473242|4861.19|18||||557371|1.0|35.7|EA|6|8000400203799|8000400203799|AVERNA AMARO 58 1.000 LT|0.0|0.0|0.0|0.0|0.0|35.7|||0||5100200
Southern Glazer's Wine & Spirits of OK, LLLP|Resort Food and Beverage Choctaw Casinos|437801-NTULSA1|1000183475|4211|08/27/2025|08/22/2025|08/28/2025|9128473242|4861.19|18||||935326|3.0|47.22|CS|6|085000429266|085000029266|High Noon Sun Sips Pineapple Vodka and Soda 6/4 355 ml Can 10PF|0.0|0.0|0.0|0.0|0.0|141.66|High Noon Spirits Company|355 ml|24||5100200
Southern Glazer's Wine & Spirits of OK, LLLP|Resort Food and Beverage Choctaw Casinos|437801-NTULSA1|1000183475|4211|08/27/2025|08/22/2025|08/28/2025|9128473242|4861.19|18||||33432|1.0|91.1|CS|1|080660640037|080660640037|Barton Mixed Drinks Long Island Ice Tea Mix 1/12 1 ltr Bottle 76PF|0.0|0.0|0.0|0.0|0.0|91.1|Sazerac|1 l|12||5100200
Southern Glazer's Wine & Spirits of OK, LLLP|Resort Food and Beverage Choctaw Casinos|437801-NTULSA1|1000183475|4211|08/27/2025|08/26/2025|08/28/2025|9128487940|32294.5|67||||933521|1.0|16.69|EA|6|857359008016|857359008016|TIPPY COW CHOCOLATE 750.000 ML|0.0|0.0|0.0|0.0|0.0|16.69|||0||5100200
Southern Glazer's Wine & Spirits of OK, LLLP|Resort Food and Beverage Choctaw Casinos|437801-NTULSA1|1000183475|4211|08/27/2025|08/26/2025|08/28/2025|9128487940|32294.5|67||||920435|8.0|26.5|CS|4|721094200069|721094200069|GOSLINGS STORMY GING BEER 4/6P 12.000 OZ|0.0|0.0|0.0|0.0|0.0|212.0|||0||5100210
Southern Glazer's Wine & Spirits of OK, LLLP|Resort Food and Beverage Choctaw Casinos|437801-NTULSA1|1000183475|4211|08/27/2025|08/26/2025|08/28/2025|9128487940|32294.5|67||||968921|32.0|47.22|CS|6|085000431375|085000431375|High Noon Sun Sips Peach Vodka And Soda 6/4 355 ml Can 10PF|0.0|0.0|0.0|0.0|0.0|1511.04|High Noon Spirits Company|355 ml|24||5100200
Southern Glazer's Wine & Spirits of OK, LLLP|Resort Food and Beverage Choctaw Casinos|437801-NTULSA1|1000183475|4211|08/27/2025|08/26/2025|08/28/2025|9128487940|32294.5|67||||11177|1.0|13.29|EA|1|082928399855|0082928399855|Sambuca Di Amore 1/12 750 ml Bottle 84PF|0.0|0.0|0.0|0.0|0.0|13.29|Sazerac|750 ml|12||5100200
Southern Glazer's Wine & Spirits of OK, LLLP|Resort Food and Beverage Choctaw Casinos|437801-NTULSA1|1000183475|4211|08/27/2025|08/26/2025|08/28/2025|9128487940|32294.5|67||||9998|2.0|30.7|EA|1|085246139424|085246139424|Makers Mark Bourbon 1/12 1 ltr Bottle 90PF|0.0|0.0|0.0|0.0|0.0|61.4|BEAM Global|1 l|12||5100200
Southern Glazer's Wine & Spirits of OK, LLLP|Resort Food and Beverage Choctaw Casinos|437801-NTULSA1|1000183475|4211|08/27/2025|08/26/2025|08/28/2025|9128487940|32294.5|67||||14580|2.0|128.4|CS|1|689352009611|689352009611|Kim Crawford Sauvignon Blanc 1/12 750 ml Bottle|0.0|0.0|0.0|0.0|0.0|256.8|Constellation Brands|750 ml|12||5100215
Southern Glazer's Wine & Spirits of OK, LLLP|Resort Food and Beverage Choctaw Casinos|437801-NTULSA1|1000183475|4211|08/27/2025|08/26/2025|08/28/2025|9128487940|32294.5|67||||624006|2.0|57.96|EA|1|674545000827|00674545000827|Don Julio Tequila Anejo 70th Anniversary 1/6 750 ml Bottle 80PF|0.0|0.0|0.0|0.0|0.0|115.92|Diageo North America (Spirits)|750 ml|6||5100200
Southern Glazer's Wine & Spirits of OK, LLLP|Resort Food and Beverage Choctaw Casinos|437801-NTULSA1|1000183475|4211|08/27/2025|08/26/2025|08/28/2025|9128487940|32294.5|67||||328|7.0|499.1|CS|1|721733000029|721733500024|Patron Silver 1/12 750 ml Bottle 80PF|0.0|0.0|0.0|0.0|0.0|3493.7|The Patron Spirits Company|750 ml|12||5100200
Southern Glazer's Wine & Spirits of OK, LLLP|Resort Food and Beverage Choctaw Casinos|437801-NTULSA1|1000183475|4211|08/27/2025|08/26/2025|08/28/2025|9128487940|32294.5|67||||446128|1.0|302.94|CS|1|083089450102|083089450102|Casamigos Tequila Blanco 1/6 1 ltr Bottle 80PF|0.0|0.0|0.0|0.0|0.0|302.94|Diageo North America (Spirits)|1 l|6||5100200
Southern Glazer's Wine & Spirits of OK, LLLP|Resort Food and Beverage Choctaw Casinos|437801-NTULSA1|1000183475|4211|08/27/2025|08/26/2025|08/28/2025|9128487940|32294.5|67||||933521|1.0|89.96|CS|6|857359008016|857359008016|TIPPY COW CHOCOLATE 750.000 ML|0.0|0.0|0.0|0.0|0.0|89.96|||0||5100200
Southern Glazer's Wine & Spirits of OK, LLLP|Resort Food and Beverage Choctaw Casinos|437801-NTULSA1|1000183475|4211|08/27/2025|08/26/2025|08/28/2025|9128487940|32294.5|67||||975690|1.0|200.16|CS|1|080686001201|00806860012012|Jim Beam Bourbon 1/12 1 ltr Bottle 80PF|0.0|0.0|0.0|0.0|0.0|200.16|BEAM Global|1 l|12||5100200
Southern Glazer's Wine & Spirits of OK, LLLP|Resort Food and Beverage Choctaw Casinos|437801-NTULSA1|1000183475|4211|08/27/2025|08/26/2025|08/28/2025|9128487940|32294.5|67||||631461|2.0|377.88|CS|1|082000771586|082000771586|Crown Royal Regal Apple 1/12 1 ltr Bottle 70PF|0.0|0.0|0.0|0.0|0.0|755.76|Diageo North America (Spirits)|1 l|12||5100200
Southern Glazer's Wine & Spirits of OK, LLLP|Resort Food and Beverage Choctaw Casinos|437801-NTULSA1|1000183475|4211|08/27/2025|08/26/2025|08/28/2025|9128487940|32294.5|67||||311648|2.0|36.12|CS|1|721059981002|721059981002|Frangelico Liqueur 1/12 1 ltr Bottle 40PF|0.0|0.0|0.0|0.0|0.0|72.24|William Grant and Sons|1 l|12||5100200
Southern Glazer's Wine & Spirits of OK, LLLP|Resort Food and Beverage Choctaw Casinos|437801-NTULSA1|1000183475|4211|08/27/2025|08/26/2025|08/28/2025|9128487940|32294.5|67||||645491|1.0|144.6|CS|1|812147020083|812147020083|Gerard Bertrand Cotes des Roses Rose 1/12 750 ml Bottle|0.0|0.0|0.0|0.0|0.0|144.6|Domaines Gerard Bertrand|750 ml|12||5100215
Southern Glazer's Wine & Spirits of OK, LLLP|Resort Food and Beverage Choctaw Casinos|437801-NTULSA1|1000183475|4211|08/27/2025|08/26/2025|08/28/2025|9128487940|32294.5|67||||547006|1.0|11.44|CS|1|008912101852|008912101852|J. Lohr White Reisling 1/12 750 ml Bottle|0.0|0.0|0.0|0.0|0.0|11.44|J Lohr Vineyards and Wines|750 ml|12||5100215
Southern Glazer's Wine & Spirits of OK, LLLP|Resort Food and Beverage Choctaw Casinos|437801-NTULSA1|1000183475|4211|08/27/2025|08/26/2025|08/28/2025|9128487940|32294.5|67||||413668|2.0|40.09|EA|1|003938300650|03938300650|Michters US 1 Single Barrel Straight Rye Whiskey 1/6 750 ml Bottle 84PF|0.0|0.0|0.0|0.0|0.0|80.18|Chatham Imports|750 ml|6||5100200
Southern Glazer's Wine & Spirits of OK, LLLP|Resort Food and Beverage Choctaw Casinos|437801-NTULSA1|1000183475|4211|08/27/2025|08/26/2025|08/28/2025|9128487940|32294.5|67||||338992|1.0|147.6|CS|1|031259046952|031259046952|Josh Cellars Pinot Noir 1/12 750 ml Bottle|0.0|0.0|0.0|0.0|0.0|147.6|Deutsch Family Wine And Spirits|750 ml|12||5100215
Southern Glazer's Wine & Spirits of OK, LLLP|Resort Food and Beverage Choctaw Casinos|437801-NTULSA1|1000183475|4211|08/27/2025|08/26/2025|08/28/2025|9128487940|32294.5|67||||547006|1.0|116.91|CS|1|008912101852|008912101852|J. Lohr White Reisling 1/12 750 ml Bottle|0.0|0.0|0.0|0.0|0.0|116.91|J Lohr Vineyards and Wines|750 ml|12||5100215
Southern Glazer's Wine & Spirits of OK, LLLP|Resort Food and Beverage Choctaw Casinos|437801-NTULSA1|1000183475|4211|08/27/2025|08/26/2025|08/28/2025|9128487940|32294.5|67||||563699|1.0|918.0|CS|6|850014275099|850014275099|CLASE AZUL TEQ REPOSADO 80 750.000 ML|0.0|0.0|0.0|0.0|0.0|918.0|||0||5100200
Southern Glazer's Wine & Spirits of OK, LLLP|Resort Food and Beverage Choctaw Casinos|437801-NTULSA1|1000183475|4211|08/27/2025|08/26/2025|08/28/2025|9128487940|32294.5|67||||17098|5.0|144.0|CS|1|080480280017|80480280017|Grey Goose Vodka 1/6 1 ltr Bottle 80PF|0.0|0.0|0.0|0.0|0.0|720.0|Bacardi Limited|1 l|6||5100200
Southern Glazer's Wine & Spirits of OK, LLLP|Resort Food and Beverage Choctaw Casinos|437801-NTULSA1|1000183475|4211|08/27/2025|08/26/2025|08/28/2025|9128487940|32294.5|67||||55929|1.0|126.0|CS|1|088586621840|088586621840|Chateau Ste Michelle Riesling Johannesburg 1/12 750 ml Bottle|0.0|0.0|0.0|0.0|0.0|126.0|Ste Michelle Wine Estates|750 ml|12||5100215
Southern Glazer's Wine & Spirits of OK, LLLP|Resort Food and Beverage Choctaw Casinos|437801-NTULSA1|1000183475|4211|08/27/2025|08/26/2025|08/28/2025|9128487940|32294.5|67||||60351|1.0|326.34|CS|1|080244009229|080244009229|Buffalo Trace Bourbon 1/12 1 ltr Bottle 90PF|0.0|0.0|0.0|0.0|0.0|326.34|Sazerac|1 l|12||5100200
Southern Glazer's Wine & Spirits of OK, LLLP|Resort Food and Beverage Choctaw Casinos|437801-NTULSA1|1000183475|4211|08/27/2025|08/26/2025|08/28/2025|9128487940|32294.5|67||||645491|1.0|13.75|EA|1|812147020083|812147020083|Gerard Bertrand Cotes des Roses Rose 1/12 750 ml Bottle|0.0|0.0|0.0|0.0|0.0|13.75|Domaines Gerard Bertrand|750 ml|12||5100215
Southern Glazer's Wine & Spirits of OK, LLLP|Resort Food and Beverage Choctaw Casinos|437801-NTULSA1|1000183475|4211|08/27/2025|08/26/2025|08/28/2025|9128487940|32294.5|67||||298845|2.0|104.96|CS|6|080480015329|080480015329|BACARDI RUM SUPERIOR WHITE 80 PET 1.750 LT|0.0|0.0|0.0|0.0|0.0|209.92|||0||5100200
Southern Glazer's Wine & Spirits of OK, LLLP|Resort Food and Beverage Choctaw Casinos|437801-NTULSA1|1000183475|4211|08/27/2025|08/26/2025|08/28/2025|9128487940|32294.5|67||||644413|3.0|34.69|EA|1|081753837815|81753837815|Belvedere Vodka 1/6 1 ltr Bottle 80PF|0.0|0.0|0.0|0.0|0.0|104.07|LVMH Moet Hennessy|1 l|6||5100200
Southern Glazer's Wine & Spirits of OK, LLLP|Resort Food and Beverage Choctaw Casinos|437801-NTULSA1|1000183475|4211|08/27/2025|08/26/2025|08/28/2025|9128487940|32294.5|67||||631498|7.0|377.88|CS|1|087000007246|087000007246|Crown Royal Canadian 1/12 1 ltr Bottle 80PF|0.0|0.0|0.0|0.0|0.0|2645.16|Diageo North America (Spirits)|1 l|12||5100200
Southern Glazer's Wine & Spirits of OK, LLLP|Resort Food and Beverage Choctaw Casinos|437801-NTULSA1|1000183475|4211|08/27/2025|08/26/2025|08/28/2025|9128487940|32294.5|67||||46599|17.0|245.64|CS|1|061994700001|61994700001|Titos Handmade Vodka 1/12 1 ltr Bottle 80PF|0.0|0.0|0.0|0.0|0.0|4175.88|Mockingbird Distillery|1 l|12||5100200
Southern Glazer's Wine & Spirits of OK, LLLP|Resort Food and Beverage Choctaw Casinos|437801-NTULSA1|1000183475|4211|08/27/2025|08/26/2025|08/28/2025|9128487940|32294.5|67||||341848|1.0|324.54|EA|1|031344000067|031344000067|Licor 43 Cuarenta Y Tres 1/12 1 ltr Bottle 62PF|0.0|0.0|0.0|0.0|0.0|324.54|Zamora International|1 l|12||5100200
Southern Glazer's Wine & Spirits of OK, LLLP|Resort Food and Beverage Choctaw Casinos|437801-NTULSA1|1000183475|4211|08/27/2025|08/26/2025|08/28/2025|9128487940|32294.5|67||||556213|2.0|126.41|CS|1|089636190002|089636190002|Wente Morning Fog Chardonnay 1/12 750 ml Bottle|0.0|0.0|0.0|0.0|0.0|252.82|Wente Vineyards|750 ml|12||5100215
Southern Glazer's Wine & Spirits of OK, LLLP|Resort Food and Beverage Choctaw Casinos|437801-NTULSA1|1000183475|4211|08/27/2025|08/26/2025|08/28/2025|9128487940|32294.5|67||||341848|2.0|28.75|CS|12|029929115404|029929115404|LICOR 43 62 1.000 LT|0.0|0.0|0.0|0.0|0.0|57.5|||0||5100200
Southern Glazer's Wine & Spirits of OK, LLLP|Resort Food and Beverage Choctaw Casinos|437801-NTULSA1|1000183475|4211|08/27/2025|08/26/2025|08/28/2025|9128487940|32294.5|67||||28728|3.0|153.6|CS|1|008048001530|008048001530|Bacardi Superior Light 1/12 1 ltr Bottle 80PF|0.0|0.0|0.0|0.0|0.0|460.8|Bacardi Limited|1 l|12||5100200
Southern Glazer's Wine & Spirits of OK, LLLP|Resort Food and Beverage Choctaw Casinos|437801-NTULSA1|1000183475|4211|08/27/2025|08/26/2025|08/28/2025|9128487940|32294.5|67||||966175|3.0|324.0|CS|1|080686835332|080686835332|Sauza Hornitos Tequila Plata 1/12 1 ltr Bottle 80PF|0.0|0.0|0.0|0.0|0.0|972.0|BEAM Global|1 l|12||5100200
Southern Glazer's Wine & Spirits of OK, LLLP|Resort Food and Beverage Choctaw Casinos|437801-NTULSA1|1000183475|4211|08/27/2025|08/26/2025|08/28/2025|9128487940|32294.5|67||||410753|1.0|383.94|CS|1|850047003065|850047003065|Angels Envy Rye Whiskey 1/6 750 ml Bottle 100PF|0.0|0.0|0.0|0.0|0.0|383.94|Louisville Distilling Company|750 ml|6||5100200
Southern Glazer's Wine & Spirits of OK, LLLP|Resort Food and Beverage Choctaw Casinos|437801-NTULSA1|1000183475|4211|08/27/2025|08/26/2025|08/28/2025|9128487940|32294.5|67||||639479|16.0|92.22|CS|8|083085420246|083085420246|RUFFINO PROSECCO LUMINA(SC)8/3PK 187.000 ML|0.0|0.0|0.0|0.0|0.0|1475.52|||0||5100215
Southern Glazer's Wine & Spirits of OK, LLLP|Resort Food and Beverage Choctaw Casinos|437801-NTULSA1|1000183475|4211|08/27/2025|08/26/2025|08/28/2025|9128487940|32294.5|67||||107204|1.0|56.4|CS|1|085000001639|085000001639|William Wycliff Champagne 1/12 750 ml Bottle|0.0|0.0|0.0|0.0|0.0|56.4|E and J Gallo|750 ml|12||5100215
Southern Glazer's Wine & Spirits of OK, LLLP|Resort Food and Beverage Choctaw Casinos|437801-NTULSA1|1000183475|4211|08/27/2025|08/26/2025|08/28/2025|9128487940|32294.5|67||||311648|2.0|36.12|EA|1|721059981002|721059981002|Frangelico Liqueur 1/12 1 ltr Bottle 40PF|0.0|0.0|0.0|0.0|0.0|72.24|William Grant and Sons|1 l|12||5100200
Southern Glazer's Wine & Spirits of OK, LLLP|Resort Food and Beverage Choctaw Casinos|437801-NTULSA1|1000183475|4211|08/27/2025|08/26/2025|08/28/2025|9128487940|32294.5|67||||624806|2.0|43.29|EA|6|721733506224|721733506224|PATRON TEQ REPOSADO 80 W/2ROCKGL 750.000 ML|0.0|0.0|0.0|0.0|0.0|86.58|||0||5100200
Southern Glazer's Wine & Spirits of OK, LLLP|Resort Food and Beverage Choctaw Casinos|437801-NTULSA1|1000183475|4211|08/27/2025|08/26/2025|08/28/2025|9128487940|32294.5|67||||404725|3.0|44.89|EA|1|850047003003|850047003003|Angels Envy Port Barrel Finish Kentucky Bourbon Whiskey 1/6 750 ml Bottle 86PF|0.0|0.0|0.0|0.0|0.0|134.67|Louisville Distilling Company|750 ml|6||5100200
Southern Glazer's Wine & Spirits of OK, LLLP|Resort Food and Beverage Choctaw Casinos|437801-NTULSA1|1000183475|4211|08/27/2025|08/26/2025|08/28/2025|9128487940|32294.5|67||||446127|1.0|326.55|CS|1|083089451109|083089451109|Casamigos Tequila Reposado 1/6 1 ltr Bottle 80PF|0.0|0.0|0.0|0.0|0.0|326.55|Diageo North America (Spirits)|1 l|6||5100200
Southern Glazer's Wine & Spirits of OK, LLLP|Resort Food and Beverage Choctaw Casinos|437801-NTULSA1|1000183475|4211|08/27/2025|08/26/2025|08/28/2025|9128487940|32294.5|67||||31393|1.0|314.66|CS|1|083089660150|083089660150|Jagermeister 1/12 1 ltr Bottle 70PF|0.0|0.0|0.0|0.0|0.0|314.66|Sidney Frank Importing Co|1 l|12||5100200
Southern Glazer's Wine & Spirits of OK, LLLP|Resort Food and Beverage Choctaw Casinos|437801-NTULSA1|1000183475|4211|08/27/2025|08/26/2025|08/28/2025|9128487940|32294.5|67||||972007|6.0|49.8|CS|1|616003814225|616003814222|Zing Zang Bloody Mary Mix 1/12 32 oz Bottle|0.0|0.0|0.0|0.0|0.0|298.8|Zing Zang Inc|32 oz|12||5100200
Southern Glazer's Wine & Spirits of OK, LLLP|Resort Food and Beverage Choctaw Casinos|437801-NTULSA1|1000183475|4211|08/27/2025|08/26/2025|08/28/2025|9128487940|32294.5|67||||84587|3.0|168.9|CS|1|619947000037|619947000037|Titos Handmade Vodka 1/6 1.75 ltr Bottle 80PF|0.0|0.0|0.0|0.0|0.0|506.7|Mockingbird Distillery|1.75 l|6||5100200
Southern Glazer's Wine & Spirits of OK, LLLP|Resort Food and Beverage Choctaw Casinos|437801-NTULSA1|1000183475|4211|08/27/2025|08/26/2025|08/28/2025|9128487940|32294.5|67||||365734|1.0|314.88|CS|1|086767520043|086767520043|Rumpleminze Peppermint Schnapps 1/12 1 ltr Bottle 100PF|0.0|0.0|0.0|0.0|0.0|314.88|Diageo North America (Spirits)|1 l|12||5100200
Southern Glazer's Wine & Spirits of OK, LLLP|Resort Food and Beverage Choctaw Casinos|437801-NTULSA1|1000183475|4211|08/27/2025|08/26/2025|08/28/2025|9128487940|32294.5|67||||306228|1.0|76.1|EA|1|793573797940|793573797940|WhistlePig 10yr Straight Rye Whiskey 1/6 750 ml Bottle 100PF|0.0|0.0|0.0|0.0|0.0|76.1|WhistlePig Farm Distillery|750 ml|6||5100200
Southern Glazer's Wine & Spirits of OK, LLLP|Resort Food and Beverage Choctaw Casinos|437801-NTULSA1|1000183475|4211|08/27/2025|08/26/2025|08/28/2025|9128487940|32294.5|67||||547006|1.0|11.44|EA|1|008912101852|008912101852|J. Lohr White Reisling 1/12 750 ml Bottle|0.0|0.0|0.0|0.0|0.0|11.44|J Lohr Vineyards and Wines|750 ml|12||5100215
Southern Glazer's Wine & Spirits of OK, LLLP|Resort Food and Beverage Choctaw Casinos|437801-NTULSA1|1000183475|4211|08/27/2025|08/26/2025|08/28/2025|9128487940|32294.5|67||||239670|1.0|219.95|CS|1|096749908547|096749908547|Lunazul Blanco 1/6 1.75 ltr Bottle 80PF|0.0|0.0|0.0|0.0|0.0|219.95|Heaven Hill Brands|1.75 l|6||5100200
Southern Glazer's Wine & Spirits of OK, LLLP|Resort Food and Beverage Choctaw Casinos|437801-NTULSA1|1000183475|4211|08/27/2025|08/26/2025|08/28/2025|9128487940|32294.5|67||||946337|7.0|24.84|EA|1|080686835028|080686835028|Sauza Hornitos Tequila Reposado 1/12 750 ml Bottle 80PF|0.0|0.0|0.0|0.0|0.0|173.88|BEAM Global|750 ml|12||5100200
Southern Glazer's Wine & Spirits of OK, LLLP|Resort Food and Beverage Choctaw Casinos|437801-NTULSA1|1000183475|4211|08/27/2025|08/26/2025|08/28/2025|9128487940|32294.5|67||||950719|4.0|49.69|EA|1|080686012146|080686012146|Basil Haydens Dark Rye 1/6 750 ml Bottle 80PF|0.0|0.0|0.0|0.0|0.0|198.76|BEAM Global|750 ml|6||5100200
Southern Glazer's Wine & Spirits of OK, LLLP|Resort Food and Beverage Choctaw Casinos|437801-NTULSA1|1000183475|4211|08/27/2025|08/26/2025|08/28/2025|9128487940|32294.5|67||||645491|1.0|13.75|CS|1|812147020083|812147020083|Gerard Bertrand Cotes des Roses Rose 1/12 750 ml Bottle|0.0|0.0|0.0|0.0|0.0|13.75|Domaines Gerard Bertrand|750 ml|12||5100215
Southern Glazer's Wine & Spirits of OK, LLLP|Resort Food and Beverage Choctaw Casinos|437801-NTULSA1|1000183475|4211|08/27/2025|08/26/2025|08/28/2025|9128487940|32294.5|67||||341848|2.0|28.75|EA|1|031344000067|031344000067|Licor 43 Cuarenta Y Tres 1/12 1 ltr Bottle 62PF|0.0|0.0|0.0|0.0|0.0|57.5|Zamora International|1 l|12||5100200
Southern Glazer's Wine & Spirits of OK, LLLP|Resort Food and Beverage Choctaw Casinos|437801-NTULSA1|1000183475|4211|08/27/2025|08/26/2025|08/28/2025|9128487940|32294.5|67||||935326|30.0|47.22|CS|6|085000429266|085000029266|High Noon Sun Sips Pineapple Vodka and Soda 6/4 355 ml Can 10PF|0.0|0.0|0.0|0.0|0.0|1416.6|High Noon Spirits Company|355 ml|24||5100200
Southern Glazer's Wine & Spirits of OK, LLLP|Resort Food and Beverage Choctaw Casinos|437801-NTULSA1|1000183475|4211|08/27/2025|08/26/2025|08/28/2025|9128487940|32294.5|67||||311648|1.0|413.02|CS|1|721059981002|721059981002|Frangelico Liqueur 1/12 1 ltr Bottle 40PF|0.0|0.0|0.0|0.0|0.0|413.02|William Grant and Sons|1 l|12||5100200
Southern Glazer's Wine & Spirits of OK, LLLP|Resort Food and Beverage Choctaw Casinos|437801-NTULSA1|1000183475|4211|08/27/2025|08/26/2025|08/28/2025|9128487940|32294.5|67||||524720|2.0|49.69|EA|1|080686012344|080686012344|Basil Haydens Toast 1/6 750 ml Bottle 80PF|0.0|0.0|0.0|0.0|0.0|99.38|BEAM Global|750 ml|6||5100200
Southern Glazer's Wine & Spirits of OK, LLLP|Resort Food and Beverage Choctaw Casinos|437801-NTULSA1|1000183475|4211|08/27/2025|08/26/2025|08/28/2025|9128487940|32294.5|67||||557371|3.0|35.7|EA|6|8000400203799|8000400203799|AVERNA AMARO 58 1.000 LT|0.0|0.0|0.0|0.0|0.0|107.1|||0||5100200
Southern Glazer's Wine & Spirits of OK, LLLP|Resort Food and Beverage Choctaw Casinos|437801-NTULSA1|1000183475|4211|08/27/2025|08/26/2025|08/28/2025|9128487940|32294.5|67||||637122|1.0|296.88|CS|1|088110110406|088110110406|Tanqueray Gin 1/12 1 ltr Bottle 94PF|0.0|0.0|0.0|0.0|0.0|296.88|Diageo North America (Spirits)|1 l|12||5100200
Southern Glazer's Wine & Spirits of OK, LLLP|Resort Food and Beverage Choctaw Casinos|437801-NTULSA1|1000183475|4211|08/27/2025|08/26/2025|08/28/2025|9128487940|32294.5|67||||547006|1.0|116.91|EA|1|008912101852|008912101852|J. Lohr White Reisling 1/12 750 ml Bottle|0.0|0.0|0.0|0.0|0.0|116.91|J Lohr Vineyards and Wines|750 ml|12||5100215
Southern Glazer's Wine & Spirits of OK, LLLP|Resort Food and Beverage Choctaw Casinos|437801-NTULSA1|1000183475|4211|08/27/2025|08/26/2025|08/28/2025|9128487940|32294.5|67||||991348|2.0|196.69|CS|1|088110931025|088110931025|Grand Marnier 1/6 1 ltr Bottle 80PF|0.0|0.0|0.0|0.0|0.0|393.38|LVMH Moet Hennessy|1 l|6||5100200
Southern Glazer's Wine & Spirits of OK, LLLP|Resort Food and Beverage Choctaw Casinos|437801-NTULSA1|1000183475|4211|08/27/2025|08/26/2025|08/28/2025|9128487940|32294.5|67||||36126|1.0|296.88|CS|1|085156610419|0085156610419|Ketel One Vodka 1/12 1 ltr Bottle 80PF|0.0|0.0|0.0|0.0|0.0|296.88|Diageo North America (Spirits)|1 l|12||5100200
Southern Glazer's Wine & Spirits of OK, LLLP|Resort Food and Beverage Choctaw Casinos|437801-NTULSA1|1000183475|4211|08/27/2025|08/26/2025|08/28/2025|9128487940|32294.5|67||||49357|1.0|110.28|CS|1|080686396208|080686396208|DeKuyper Pucker Watermelon Schnapps 1/12 1 ltr Bottle 30PF|0.0|0.0|0.0|0.0|0.0|110.28|BEAM Global|1 l|12||5100200
Southern Glazer's Wine & Spirits of OK, LLLP|Resort Food and Beverage Choctaw Casinos|437801-NTULSA1|1000183475|4211|08/27/2025|08/26/2025|08/28/2025|9128487940|32294.5|67||||557367|1.0|172.08|CS|1|721059002387|721059002387|Aperol Aperitivo 1/6 1 ltr Bottle 22PF|0.0|0.0|0.0|0.0|0.0|172.08|Gruppo Campari|1 l|6||5100200
Southern Glazer's Wine & Spirits of OK, LLLP|Resort Food and Beverage Choctaw Casinos|437801-NTULSA1|1000183475|4211|08/27/2025|08/26/2025|08/28/2025|9128487940|32294.5|67||||33497|2.0|110.28|CS|1|080686381204|080686381204|DeKuyper Triple Sec 1/12 1 ltr Bottle 30PF|0.0|0.0|0.0|0.0|0.0|220.56|BEAM Global|1 l|12||5100200
Southern Glazer's Wine & Spirits of OK, LLLP|Resort Food and Beverage Choctaw Casinos|437801-NTULSA1|1000183475|4211|08/27/2025|08/26/2025|08/28/2025|9128487940|32294.5|67||||645491|1.0|144.6|EA|1|812147020083|812147020083|Gerard Bertrand Cotes des Roses Rose 1/12 750 ml Bottle|0.0|0.0|0.0|0.0|0.0|144.6|Domaines Gerard Bertrand|750 ml|12||5100215
Southern Glazer's Wine & Spirits of OK, LLLP|Resort Food and Beverage Choctaw Casinos|437801-NTULSA1|1000183475|4211|08/27/2025|08/26/2025|08/28/2025|9128487940|32294.5|67||||332775|1.0|359.88|CS|1|086767210043|86767210043|Baileys Irish Cream 1/12 1 ltr Bottle 34PF|0.0|0.0|0.0|0.0|0.0|359.88|Diageo North America (Spirits)|1 l|12||5100200
Southern Glazer's Wine & Spirits of OK, LLLP|Resort Food and Beverage Choctaw Casinos|437801-NTULSA1|1000183475|4211|08/27/2025|08/26/2025|08/28/2025|9128487940|32294.5|67||||342217|1.0|115.8|CS|1|085000017746|085000017746|Apothic Red 1/12 750 ml Bottle|0.0|0.0|0.0|0.0|0.0|115.8|Apothic Wines|750 ml|12||5100215
Southern Glazer's Wine & Spirits of OK, LLLP|Resort Food and Beverage Choctaw Casinos|437801-NTULSA1|1000183475|4211|08/27/2025|08/26/2025|08/28/2025|9128487940|32294.5|67||||933521|1.0|16.69|CS|6|857359008016|857359008016|TIPPY COW CHOCOLATE 750.000 ML|0.0|0.0|0.0|0.0|0.0|16.69|||0||5100200
Southern Glazer's Wine & Spirits of OK, LLLP|Resort Food and Beverage Choctaw Casinos|437801-NTULSA1|1000183475|4211|08/27/2025|08/26/2025|08/28/2025|9128487940|32294.5|67||||352429|2.0|359.88|CS|1|087000005549|087000005549|Bulleit Bourbon 1/12 1 ltr Bottle 90PF|0.0|0.0|0.0|0.0|0.0|719.76|Diageo North America (Spirits)|1 l|12||5100200
Southern Glazer's Wine & Spirits of OK, LLLP|Resort Food and Beverage Choctaw Casinos|437801-NTULSA1|1000183475|4211|08/27/2025|08/26/2025|08/28/2025|9128487940|32294.5|67||||398418|3.0|21.7|EA|1|856011004984|856011004984|Ole Smoky Apple Pie Moonshine 1/6 750 ml Bottle 40PF|0.0|0.0|0.0|0.0|0.0|65.1|Ole Smoky Distillery|750 ml|6||5100200
Southern Glazer's Wine & Spirits of OK, LLLP|Resort Food and Beverage Choctaw Casinos|437801-NTULSA1|1000183475|4211|08/27/2025|08/26/2025|08/28/2025|9128487940|32294.5|67||||614250|4.0|315.0|CS|1|088076189317|088076189317|Don Julio Tequila Blanco 1/6 1 ltr Bottle 80PF|0.0|0.0|0.0|0.0|0.0|1260.0|Diageo North America (Spirits)|1 l|6||5100200
Southern Glazer's Wine & Spirits of OK, LLLP|Resort Food and Beverage Choctaw Casinos|437801-NTULSA1|1000183475|4211|08/27/2025|08/26/2025|08/28/2025|9128487940|32294.5|67||||97618|4.0|23.44|EA|1|085156007509|085156007509|Ketel One Citroen 1/12 750 ml Bottle 80PF|0.0|0.0|0.0|0.0|0.0|93.76|Diageo North America (Spirits)|750 ml|12||5100200
Southern Glazer's Wine & Spirits of OK, LLLP|Resort Food and Beverage Choctaw Casinos|437801-NTULSA1|1000183475|4211|08/27/2025|08/26/2025|08/28/2025|9128487940|32294.5|67||||933521|1.0|89.96|EA|6|857359008016|857359008016|TIPPY COW CHOCOLATE 750.000 ML|0.0|0.0|0.0|0.0|0.0|89.96|||0||5100200
Southern Glazer's Wine & Spirits of OK, LLLP|Resort Food and Beverage Choctaw Casinos|437801-NTULSA1|1000183475|4211|08/27/2025|08/26/2025|08/28/2025|9128487940|32294.5|67||||51498|4.0|269.97|CS|1|721733000883|721733000883|Patron Tequila Silver 1/3 1.75 ltr Bottle 80PF|0.0|0.0|0.0|0.0|0.0|1079.88|The Patron Spirits Company|1.75 l|3||5100200
Southern Glazer's Wine & Spirits of OK, LLLP|Resort Food and Beverage Choctaw Casinos|437801-NTULSA1|1000183475|4211|08/27/2025|08/26/2025|08/28/2025|9128487940|32294.5|67||||311648|1.0|413.02|EA|1|721059981002|721059981002|Frangelico Liqueur 1/12 1 ltr Bottle 40PF|0.0|0.0|0.0|0.0|0.0|413.02|William Grant and Sons|1 l|12||5100200
Southern Glazer's Wine & Spirits of OK, LLLP|Resort Food and Beverage Choctaw Casinos|437801-NTULSA1|1000183475|4211|08/27/2025|08/26/2025|08/28/2025|9128487940|32294.5|67||||547075|2.0|118.56|CS|1|727760501638|727760501638|Mionetto Prosecco Brut Gold 1/15 750 ml Bottle|0.0|0.0|0.0|0.0|0.0|237.12|The Mark Wine Group|750 ml|15||5100215
Southern Glazer's Wine & Spirits of OK, LLLP|Resort Food and Beverage Choctaw Casinos|437801-NTULSA1|1000183475|4211|08/27/2025|08/26/2025|08/28/2025|9128487940|32294.5|67||||341848|1.0|324.54|CS|12|029929115404|029929115404|LICOR 43 62 1.000 LT|0.0|0.0|0.0|0.0|0.0|324.54|||0||5100200
Southern Glazer's Wine & Spirits of OK, LLLP|Resort Food and Beverage Choctaw Casinos|437801-NTULSA1|1000183475|4211|08/27/2025|08/26/2025|08/28/2025|9128487940|32294.5|67||||344101|1.0|492.0|CS|1|088110150631|088110150631|Hennessy Cognac 1/12 1 ltr Bottle 80PF|0.0|0.0|0.0|0.0|0.0|492.0|LVMH Moet Hennessy|1 l|12||5100200
Southern Glazer's Wine & Spirits of OK, LLLP|Resort Food and Beverage Choctaw Casinos|437801-NTULSA1|1000183475|4211|08/27/2025|08/26/2025|08/28/2025|9128487940|32294.5|67||||11291|2.0|268.7|CS|1|080480301019|081440113116|Bombay Sapphire Gin 1/12 1 ltr Bottle 94PF|0.0|0.0|0.0|0.0|0.0|537.4|Bacardi Limited|1 l|12||5100200
Southern Glazer's Wine & Spirits of OK, LLLP|Resort Food and Beverage Choctaw Casinos|437801-NTULSA1|1000183475|4211|08/27/2025|08/26/2025|08/28/2025|9128487940|32294.5|67||||25213|3.0|110.28|CS|1|080686365204|080686365204|DeKuyper Peachtree Schnapps 1/12 1 ltr Bottle 30PF|0.0|0.0|0.0|0.0|0.0|330.84|BEAM Global|1 l|12||5100200
Southern Glazer's Wine & Spirits of OK, LLLP|Resort Food and Beverage Choctaw Casinos|437801-NTULSA1|1000284028|4211|08/27/2025|08/26/2025|08/28/2025|9128487955|266.31|1||||664105|1.0|266.31|CS|12|819135020018|819135020018|JERMANN PINOT GRIGIO(SC)24 750.000 ML|0.0|0.0|0.0|0.0|0.0|266.31|||0||5100215
Southern Glazer's Wine & Spirits of OK, LLLP|Resort Food and Beverage Choctaw Casinos|437801-NTULSA1|1000284028|4211|08/27/2025|08/26/2025|08/28/2025|9128487957|3955.77|19|1832 WINE|||592581|2.0|134.61|EA|6|||JARVIS MERLOT CAVE FERMENTED 18 WD 750.000 ML|0.0|0.0|0.0|0.0|0.0|269.22|||0||5100215
Southern Glazer's Wine & Spirits of OK, LLLP|Resort Food and Beverage Choctaw Casinos|437801-NTULSA1|1000284028|4211|08/27/2025|08/26/2025|08/28/2025|9128487957|3955.77|19|1832 WINE|||603441|3.0|33.75|EA|1|086003255067|086003255067|Orin Swift The Prisoner 1/12 750 ml Bottle|0.0|0.0|0.0|0.0|0.0|101.25|E and J Gallo|750 ml|12||5100215
Southern Glazer's Wine & Spirits of OK, LLLP|Resort Food and Beverage Choctaw Casinos|437801-NTULSA1|1000284028|4211|08/27/2025|08/26/2025|08/28/2025|9128487957|3955.77|19|1832 WINE|||55929|1.0|126.0|CS|1|088586621840|088586621840|Chateau Ste Michelle Riesling Johannesburg 1/12 750 ml Bottle|0.0|0.0|0.0|0.0|0.0|126.0|Ste Michelle Wine Estates|750 ml|12||5100215
Southern Glazer's Wine & Spirits of OK, LLLP|Resort Food and Beverage Choctaw Casinos|437801-NTULSA1|1000284028|4211|08/27/2025|08/26/2025|08/28/2025|9128487957|3955.77|19|1832 WINE|||657001|1.0|75.0|EA|6|||PHELPS CABERNET SAUVIGNON 22 750.000 ML|0.0|0.0|0.0|0.0|0.0|75.0|||0||5100215
Southern Glazer's Wine & Spirits of OK, LLLP|Resort Food and Beverage Choctaw Casinos|437801-NTULSA1|1000284028|4211|08/27/2025|08/26/2025|08/28/2025|9128487957|3955.77|19|1832 WINE|||622735|1.0|44.25|EA|6|810147310449|810147310449|ANTINORI MARCHESE CHIANTI CL RSV21 750.000 ML|0.0|0.0|0.0|0.0|0.0|44.25|||0||5100215
Southern Glazer's Wine & Spirits of OK, LLLP|Resort Food and Beverage Choctaw Casinos|437801-NTULSA1|1000284028|4211|08/27/2025|08/26/2025|08/28/2025|9128487957|3955.77|19|1832 WINE|||628121|3.0|39.99|EA|1|859369001254|85936900125|Faust Cabernet Sauvignon 1/12 750 ml Bottle|0.0|0.0|0.0|0.0|0.0|119.97|Faust Winery|750 ml|12||5100215
Southern Glazer's Wine & Spirits of OK, LLLP|Resort Food and Beverage Choctaw Casinos|437801-NTULSA1|1000284028|4211|08/27/2025|08/26/2025|08/28/2025|9128487957|3955.77|19|1832 WINE|||648116|1.0|252.0|CS|1|744442081004|744442081004|Ridge Three Valleys 1/12 750 ml Bottle|0.0|0.0|0.0|0.0|0.0|252.0|Ridge Vineyards|750 ml|12||5100215
Southern Glazer's Wine & Spirits of OK, LLLP|Resort Food and Beverage Choctaw Casinos|437801-NTULSA1|1000284028|4211|08/27/2025|08/26/2025|08/28/2025|9128487957|3955.77|19|1832 WINE|||14580|2.0|128.4|CS|1|689352009611|689352009611|Kim Crawford Sauvignon Blanc 1/12 750 ml Bottle|0.0|0.0|0.0|0.0|0.0|256.8|Constellation Brands|750 ml|12||5100215
Southern Glazer's Wine & Spirits of OK, LLLP|Resort Food and Beverage Choctaw Casinos|437801-NTULSA1|1000284028|4211|08/27/2025|08/26/2025|08/28/2025|9128487957|3955.77|19|1832 WINE|||647721|1.0|143.04|CS|12|089744382702|089744382702|HUGEL GENTIL 23 750.000 ML|0.0|0.0|0.0|0.0|0.0|143.04|||0||5100215
Southern Glazer's Wine & Spirits of OK, LLLP|Resort Food and Beverage Choctaw Casinos|437801-NTULSA1|1000284028|4211|08/27/2025|08/26/2025|08/28/2025|9128487957|3955.77|19|1832 WINE|||628811|1.0|22.19|EA|1|726452001562|726452001562|Jermann Vinnaioli Pinot Grigio Venezia Giulia 1/12 750 ml Bottle|0.0|0.0|0.0|0.0|0.0|22.19|LUX Wines|750 ml|12||5100215
Southern Glazer's Wine & Spirits of OK, LLLP|Resort Food and Beverage Choctaw Casinos|437801-NTULSA1|1000284028|4211|08/27/2025|08/26/2025|08/28/2025|9128487957|3955.77|19|1832 WINE|||621750|1.0|609.12|CS|12|||BELLA UNION CABERNET SAUVIGNON 22 750.000 ML|0.0|0.0|0.0|0.0|0.0|609.12|||0||5100215
Southern Glazer's Wine & Spirits of OK, LLLP|Resort Food and Beverage Choctaw Casinos|437801-NTULSA1|1000284028|4211|08/27/2025|08/26/2025|08/28/2025|9128487957|3955.77|19|1832 WINE|||617370|3.0|42.3|EA|1|850017337503|850017337503|Post and Beam Napa Valley Cabernet Sauvignon 1/12 750 ml Bottle|0.0|0.0|0.0|0.0|0.0|126.9|Post and Beam|750 ml|12||5100215
Southern Glazer's Wine & Spirits of OK, LLLP|Resort Food and Beverage Choctaw Casinos|437801-NTULSA1|1000284028|4211|08/27/2025|08/26/2025|08/28/2025|9128487957|3955.77|19|1832 WINE|||41175|3.0|54.74|EA|1|081753050207|081753050207|Veuve Clicquot Yellow Label Brut 1/12 750 ml Bottle|0.0|0.0|0.0|0.0|0.0|164.22|LVMH Moet Hennessy|750 ml|12||5100215
Southern Glazer's Wine & Spirits of OK, LLLP|Resort Food and Beverage Choctaw Casinos|437801-NTULSA1|1000284028|4211|08/27/2025|08/26/2025|08/28/2025|9128487957|3955.77|19|1832 WINE|||646698|1.0|313.75|CS|1|047156157509|04715615750|Grgich Hills Blanc 1/12 750 ml Bottle|0.0|0.0|0.0|0.0|0.0|313.75|Grgich Hills Estate|750 ml|12||5100215
Southern Glazer's Wine & Spirits of OK, LLLP|Resort Food and Beverage Choctaw Casinos|437801-NTULSA1|1000284028|4211|08/27/2025|08/26/2025|08/28/2025|9128487957|3955.77|19|1832 WINE|||318964|1.0|224.4|CS|1|187229127289|187229127289|Luxardo Maraschino Cherries 1/12 12.7 oz Bottle|0.0|0.0|0.0|0.0|0.0|224.4|Luxardo|12.7 oz|12||5100200
Southern Glazer's Wine & Spirits of OK, LLLP|Resort Food and Beverage Choctaw Casinos|437801-NTULSA1|1000284028|4211|08/27/2025|08/26/2025|08/28/2025|9128487957|3955.77|19|1832 WINE|||618348|1.0|221.44|CS|1|742651184295|742651184295|Ferrari-Carano Siena 1/12 750 ml Bottle|0.0|0.0|0.0|0.0|0.0|221.44|Ferrari Carano Vineyards and Winery|750 ml|12||5100215
Southern Glazer's Wine & Spirits of OK, LLLP|Resort Food and Beverage Choctaw Casinos|437801-NTULSA1|1000284028|4211|08/27/2025|08/26/2025|08/28/2025|9128487957|3955.77|19|1832 WINE|||610579|1.0|347.0|CS|1|088593700200|088593700200|Stags Leap Cabernet Sauvignon Artemis 1/6 750 ml Bottle|0.0|0.0|0.0|0.0|0.0|347.0|Stags Leap Wine Cellars|750 ml|6||5100215
Southern Glazer's Wine & Spirits of OK, LLLP|Resort Food and Beverage Choctaw Casinos|437801-NTULSA1|1000284028|4211|08/27/2025|08/26/2025|08/28/2025|9128487957|3955.77|19|1832 WINE|||231773|1.0|200.0|CS|1|089968200261|899682002613|Filthy Blue Cheese Stuffed Olive 1/6 64 oz Bottle|0.0|0.0|0.0|0.0|0.0|200.0|Filthy Food LLC|64 oz|6||5100210
Southern Glazer's Wine & Spirits of OK, LLLP|Resort Food and Beverage Choctaw Casinos|437801-NTULSA1|1000284028|4211|08/27/2025|08/26/2025|08/28/2025|9128487957|3955.77|19|1832 WINE|||634770|7.0|48.46|EA|1|084444100106|084444100137|Jordan Cabernet Sauvignon Alexander Valley 1/12 750 ml Bottle|0.0|0.0|0.0|0.0|0.0|339.22|Jordan Vineyard and Winery|750 ml|12||5100215
Hitchcock Distributing|Resort Food and Beverage Choctaw Casinos|400427-NDURANT1|483|4211|08/27/2025|08/26/2025|08/27/2025|W-639078|19127.55|23||||764|2.0|67.0|KEG|1|111111111117|111111111117|BANQUET 1/4 BBL KEG|0.0|60.0|0.0|0.0|0.0|134.0|||0||5310106
Hitchcock Distributing|Resort Food and Beverage Choctaw Casinos|400427-NDURANT1|483|4211|08/27/2025|08/26/2025|08/27/2025|W-639078|19127.55|23||||366|15.0|31.15|CS|2|072890000163|072890000255|Heineken 2/12 12 oz Bottle|0.0|0.0|0.0|0.0|0.0|467.25|Heineken USA|12 oz|24||5100210
Hitchcock Distributing|Resort Food and Beverage Choctaw Casinos|400427-NDURANT1|483|4211|08/27/2025|08/26/2025|08/27/2025|W-639078|19127.55|23||||521|1.0|150.0|KEG|1|088573100020|088573100020|Shiner Bock 1/2 BBL 1/1 15.5 gal Keg|0.0|30.0|0.0|0.0|0.0|150.0|Gambrinus Company|15.5 gal|1||5100210
Hitchcock Distributing|Resort Food and Beverage Choctaw Casinos|400427-NDURANT1|483|4211|08/27/2025|08/26/2025|08/27/2025|W-639078|19127.55|23||||425|5.0|125.0|KEG|1|034100571528|034100571528|Miller Lite 1/2 BBL 1/1 15.5 gal Keg|0.0|150.0|0.0|0.0|0.0|625.0|Molson Coors|15.5 gal|1||5100210
Hitchcock Distributing|Resort Food and Beverage Choctaw Casinos|400427-NDURANT1|483|4211|08/27/2025|08/26/2025|08/27/2025|W-639078|19127.55|23||||1149|7.0|18.65|CS|1|071990386429|00071990386429|Coors Banquet 1/15 16 oz Can|0.0|0.0|0.0|0.0|0.0|130.55|Molson Coors|16 oz|15||5100210
Hitchcock Distributing|Resort Food and Beverage Choctaw Casinos|400427-NDURANT1|483|4211|08/27/2025|08/26/2025|08/27/2025|W-639078|19127.55|23||||523|15.0|30.4|CS|2|008857343333|08857343333|Shiner Bock 2/12 12 oz Bottle|0.0|0.0|0.0|0.0|0.0|456.0|Gambrinus Company|12 oz|24||5100210
Hitchcock Distributing|Resort Food and Beverage Choctaw Casinos|400427-NDURANT1|483|4211|08/27/2025|08/26/2025|08/27/2025|W-639078|19127.55|23||||346|6.0|146.0|KEG|1|072311204002|072311204002|DOS EQUIS 1/2 BBL KEG 60L|0.0|180.0|0.0|0.0|0.0|876.0|||0||5100210
Hitchcock Distributing|Resort Food and Beverage Choctaw Casinos|400427-NDURANT1|483|4211|08/27/2025|08/26/2025|08/27/2025|W-639078|19127.55|23||||1102|-1.0|30.0|CS|1|111111111117|111111111117|RETURN MC BELLY 1/2 EMPTY KEG|0.0|0.0|0.0|0.0|0.0|-30.0|||0||5100210
Hitchcock Distributing|Resort Food and Beverage Choctaw Casinos|400427-NDURANT1|483|4211|08/27/2025|08/26/2025|08/27/2025|W-639078|19127.55|23||||350|50.0|30.4|CS|2|072311412131|072311424219|Dos Equis Lager 2/12 12 oz Can|0.0|0.0|0.0|0.0|0.0|1520.0|Heineken USA|12 oz|24||5100210
Hitchcock Distributing|Resort Food and Beverage Choctaw Casinos|400427-NDURANT1|483|4211|08/27/2025|08/26/2025|08/27/2025|W-639078|19127.55|23||||641|-3.0|30.0|CS|1|111111111117|111111111117|RETURN LAGUNITAS 1/4 EMPTY KEG|0.0|0.0|0.0|0.0|0.0|-90.0|||0||5100210
Hitchcock Distributing|Resort Food and Beverage Choctaw Casinos|400427-NDURANT1|483|4211|08/27/2025|08/26/2025|08/27/2025|W-639078|19127.55|23||||769|20.0|33.1|CS|2|635985100331|635985100348|White Claw Mango 2/12 12 oz Can|0.0|0.0|0.0|0.0|0.0|662.0|Mark Anthony Brands|12 oz|24||5100210
Hitchcock Distributing|Resort Food and Beverage Choctaw Casinos|400427-NDURANT1|483|4211|08/27/2025|08/26/2025|08/27/2025|W-639078|19127.55|23||||296|16.0|33.0|CS|4|071990095116|071990095123|Blue Moon Belgian White 4/6 12 oz Bottle|0.0|0.0|0.0|0.0|0.0|528.0|Molson Coors|12 oz|24||5100210
Hitchcock Distributing|Resort Food and Beverage Choctaw Casinos|400427-NDURANT1|483|4211|08/27/2025|08/26/2025|08/27/2025|W-639078|19127.55|23||||655|15.0|33.1|CS|2|635985260899|635985260899|White Claw Hard Seltzer Black Cherry 2/12 12 oz Can|0.0|0.0|0.0|0.0|0.0|496.5|Mark Anthony Brands|12 oz|24||5100210
Hitchcock Distributing|Resort Food and Beverage Choctaw Casinos|400427-NDURANT1|483|4211|08/27/2025|08/26/2025|08/27/2025|W-639078|19127.55|23||||324|4.0|125.0|KEG|1|071990300807|071990300807|Coors Light 1/2 BBL 1/1 15.5 gal Keg|0.0|120.0|0.0|0.0|0.0|500.0|Molson Coors|15.5 gal|1||5100210
Hitchcock Distributing|Resort Food and Beverage Choctaw Casinos|400427-NDURANT1|483|4211|08/27/2025|08/26/2025|08/27/2025|W-639078|19127.55|23||||1521|5.0|31.8|CS|4|072890006202|072890006202|Heineken 0 0 4/6 11.2 oz Bottle|0.0|0.0|0.0|0.0|0.0|159.0|Heineken USA|11.2 oz|24||5100210
Hitchcock Distributing|Resort Food and Beverage Choctaw Casinos|400427-NDURANT1|483|4211|08/27/2025|08/26/2025|08/27/2025|W-639078|19127.55|23||||330|210.0|24.45|CS|2|071990301040|071990301040|Coors Light 2/9 16 oz Bottle|0.0|0.0|0.0|0.0|0.0|5134.5|Molson Coors|16 oz|18||5100210
Hitchcock Distributing|Resort Food and Beverage Choctaw Casinos|400427-NDURANT1|483|4211|08/27/2025|08/26/2025|08/27/2025|W-639078|19127.55|23||||36|-7.0|30.0|CS|1|111111111117|111111111117|RETURN DOS EQUIS 1/2 EMPTY KEG|0.0|0.0|0.0|0.0|0.0|-210.0|||0||5100210
Hitchcock Distributing|Resort Food and Beverage Choctaw Casinos|400427-NDURANT1|483|4211|08/27/2025|08/26/2025|08/27/2025|W-639078|19127.55|23||||431|210.0|24.45|CS|2|034100570231|034100570224|Miller Lite 2/9 16 oz Bottle|0.0|0.0|0.0|0.0|0.0|5134.5|Molson Coors|16 oz|18||5100210
Hitchcock Distributing|Resort Food and Beverage Choctaw Casinos|400427-NDURANT1|483|4211|08/27/2025|08/26/2025|08/27/2025|W-639078|19127.55|23||||1235|4.0|125.0|KEG|1|089924849506|89924849506|Yuengling Traditional Lager 1/2 BBL 1/1 15.5 gal Keg|0.0|120.0|0.0|0.0|0.0|500.0|D G Yuengling and Son Inc|15.5 gal|1||5100210
Hitchcock Distributing|Resort Food and Beverage Choctaw Casinos|400427-NDURANT1|483|4211|08/27/2025|08/26/2025|08/27/2025|W-639078|19127.55|23||||292|2.0|150.0|KEG|1|071990095154|71990095154|Blue Moon Belgian White 1/2 BBL 1/1 15.5 gal Keg|0.0|60.0|0.0|0.0|0.0|300.0|Molson Coors|15.5 gal|1||5100210
Hitchcock Distributing|Resort Food and Beverage Choctaw Casinos|400427-NDURANT1|483|4211|08/27/2025|08/26/2025|08/27/2025|W-639078|19127.55|23||||409|8.0|33.0|CS|4|723830000094|723830000094|Lagunitas IPA 4/6 12 oz Bottle|0.0|0.0|0.0|0.0|0.0|264.0|Heineken USA|12 oz|24||5100210
Hitchcock Distributing|Resort Food and Beverage Choctaw Casinos|400427-NDURANT1|483|4211|08/27/2025|08/26/2025|08/27/2025|W-639078|19127.55|23||||349|35.0|31.15|CS|2|072311230124|072311930123|Dos Equis Lager 2/12 12 oz Bottle|0.0|0.0|0.0|0.0|0.0|1090.25|Heineken USA|12 oz|24||5100210
Hitchcock Distributing|Resort Food and Beverage Choctaw Casinos|400427-NDURANT1|483|4211|08/27/2025|08/26/2025|08/27/2025|W-639078|19127.55|23||||1101|-13.0|30.0|CS|1|111111111117|111111111117|RETURN MC STRAIGHTWALL 1/2 EMPTY KEG|0.0|0.0|0.0|0.0|0.0|-390.0|||0||5100210
